file,residues,atoms,bonds,fragments
pair_000_B.pdb,15,61,0,61
pair_001_B.pdb,15,112,98,44
pair_002_B.pdb,12,96,54,54
pair_003_B.pdb,5,38,47,15
pair_004_B.pdb,15,127,85,65
pair_005_B.pdb,15,127,127,64
pair_006_B.pdb,10,77,68,33
pair_007_B.pdb,6,49,42,20
pair_008_B.pdb,12,96,43,61
pair_009_B.pdb,11,83,60,42
pair_010_B.pdb,10,77,51,38
pair_011_B.pdb,10,77,51,40
pair_012_B.pdb,5,38,23,21
pair_013_B.pdb,10,80,38,53
pair_014_B.pdb,6,55,21,36
pair_015_B.pdb,13,91,46,54
pair_016_B.pdb,5,38,15,24
pair_017_B.pdb,5,38,53,5
pair_018_B.pdb,10,80,59,38
pair_019_B.pdb,8,59,43,27
pair_020_B.pdb,9,65,40,34
pair_021_B.pdb,8,72,40,38
pair_022_B.pdb,10,80,70,38
pair_023_B.pdb,10,80,87,29
pair_024_B.pdb,8,59,45,30
pair_025_B.pdb,10,77,72,31
pair_026_B.pdb,6,46,20,31
pair_027_B.pdb,11,69,61,31
pair_028_B.pdb,8,59,60,25
pair_029_B.pdb,8,59,48,31
pair_030_B.pdb,12,92,81,41
pair_031_B.pdb,6,55,27,33
pair_032_B.pdb,13,91,72,41
pair_033_B.pdb,12,96,75,51
pair_034_B.pdb,12,92,63,47
pair_035_B.pdb,12,92,76,34
pair_036_B.pdb,11,89,55,48
pair_037_B.pdb,10,77,50,44
pair_038_B.pdb,10,80,37,52
pair_039_B.pdb,8,59,59,25
pair_040_B.pdb,11,89,26,65
pair_041_B.pdb,11,89,73,51
pair_042_B.pdb,6,55,38,28
pair_043_B.pdb,15,127,50,87
pair_044_B.pdb,8,72,49,37
pair_045_B.pdb,12,96,68,57
pair_046_B.pdb,6,55,46,24
pair_047_B.pdb,6,55,42,27
pair_048_B.pdb,10,83,44,50
pair_049_B.pdb,10,77,93,32
pair_050_B.pdb,23,191,141,96
pair_051_B.pdb,12,102,93,39
pair_052_B.pdb,10,83,66,39
pair_053_B.pdb,10,83,102,27
pair_054_B.pdb,11,69,63,25
pair_055_B.pdb,12,92,64,44
pair_056_B.pdb,15,127,65,75
pair_057_B.pdb,10,61,39,31
pair_058_B.pdb,11,69,59,30
pair_059_B.pdb,11,69,53,31
pair_060_B.pdb,9,65,51,27
pair_061_B.pdb,6,46,17,29
pair_062_B.pdb,11,69,44,39
pair_063_B.pdb,6,49,41,24
pair_064_B.pdb,9,65,40,40
pair_065_B.pdb,9,65,23,46
pair_066_B.pdb,11,83,57,41
pair_067_B.pdb,10,77,43,42
pair_068_B.pdb,15,112,64,61
pair_069_B.pdb,13,91,61,50
pair_070_B.pdb,11,83,66,40
pair_071_B.pdb,11,83,61,37
pair_072_B.pdb,6,49,30,26
pair_073_B.pdb,11,89,80,37
pair_074_B.pdb,8,72,76,25
pair_075_B.pdb,5,38,46,12
pair_076_B.pdb,6,49,29,25
pair_077_B.pdb,6,49,36,24
pair_078_B.pdb,15,112,80,57
pair_079_B.pdb,23,191,168,83
pair_080_B.pdb,6,46,30,27
pair_081_B.pdb,10,80,62,38
pair_082_B.pdb,15,112,70,57
pair_083_B.pdb,15,112,84,54
pair_084_B.pdb,12,96,80,44
pair_085_B.pdb,11,89,53,49
pair_086_B.pdb,10,83,31,57
pair_087_B.pdb,8,72,50,36
pair_088_B.pdb,12,96,65,48
pair_089_B.pdb,12,96,83,42
pair_090_B.pdb,12,102,81,49
pair_091_B.pdb,5,38,52,7
pair_092_B.pdb,9,65,74,24
pair_093_B.pdb,10,77,59,41
pair_094_B.pdb,12,102,114,36
pair_095_B.pdb,12,102,82,41
pair_096_B.pdb,10,61,91,16
pair_097_B.pdb,11,69,57,31
pair_098_B.pdb,15,112,103,47
pair_099_B.pdb,10,80,67,28
pair_100_B.pdb,10,61,41,32
pair_101_B.pdb,10,61,68,21
pair_102_B.pdb,23,191,112,101
pair_103_B.pdb,15,121,67,70
pair_104_B.pdb,5,38,49,14
pair_105_B.pdb,6,46,47,17
pair_106_B.pdb,23,191,148,94
pair_107_B.pdb,23,191,232,71
pair_108_B.pdb,8,72,38,36
pair_109_B.pdb,12,96,60,46
pair_110_B.pdb,6,49,47,14
pair_111_B.pdb,11,83,37,55
pair_112_B.pdb,8,72,44,45
pair_113_B.pdb,8,72,28,46
pair_114_B.pdb,13,91,54,49
pair_115_B.pdb,23,191,169,82
pair_116_B.pdb,6,46,29,24
pair_117_B.pdb,6,55,13,42
pair_118_B.pdb,13,91,74,48
pair_119_B.pdb,13,91,35,58
pair_120_B.pdb,6,46,23,28
pair_121_B.pdb,12,96,54,54
pair_122_B.pdb,9,65,69,22
pair_123_B.pdb,12,92,77,34
pair_124_B.pdb,6,46,56,12
pair_125_B.pdb,6,46,19,31
pair_126_B.pdb,15,121,81,60
pair_127_B.pdb,10,61,60,28
pair_128_B.pdb,13,91,51,52
pair_129_B.pdb,5,38,32,16
pair_130_B.pdb,15,121,99,54
pair_131_B.pdb,15,121,110,50
pair_000_B.pdb,9,61,0,61
pair_000_B.pdb,12,61,0,61
pair_000_B.pdb,11,61,0,61
pair_000_B.pdb,15,61,0,61
pair_000_B.pdb,8,61,0,61
pair_000_B.pdb,12,61,0,61
pair_000_B.pdb,6,61,0,61
pair_000_B.pdb,23,61,0,61
pair_000_B.pdb,13,61,0,61
pair_000_B.pdb,15,61,0,61
pair_000_B.pdb,6,61,0,61
pair_000_B.pdb,10,61,0,61
